INSERT INTO `tb_auth_mapp_info` VALUES 
    ('ci','G','Y','Y','Y','Y','kimilm','2021-03-30 20:59:20',NULL,NULL),
    ('ci','N','Y','N','N','N','kimilm','2021-03-30 20:59:20',NULL,NULL),
    ('ci_notice','G','Y','Y','Y','Y','kimilm','2021-03-29 16:17:17',NULL,NULL),
    ('ci_notice','N','Y','N','N','N','kimilm','2021-03-29 16:17:55',NULL,NULL),
    ('ci_rankup','G','Y','Y','Y','Y','kimilm','2021-03-30 20:59:20',NULL,NULL),
    ('ci_rankup','N','Y','N','N','N','kimilm','2021-03-30 20:59:20',NULL,NULL),
    ('ci_recruit','G','Y','Y','Y','Y','kimilm','2021-03-30 20:59:20',NULL,NULL),
    ('ci_recruit','N','Y','N','N','N','kimilm','2021-03-30 20:59:20',NULL,NULL),
    ('cmnt','G','Y','Y','Y','Y','kimilm','2021-03-30 20:59:21',NULL,NULL),
    ('cmnt','N','Y','Y','Y','Y','kimilm','2021-03-30 20:59:21',NULL,NULL),
    ('cmnt_cart','G','Y','Y','Y','Y','kimilm','2021-03-30 20:59:20',NULL,NULL),
    ('cmnt_cart','N','Y','Y','Y','Y','kimilm','2021-03-30 20:59:20',NULL,NULL),
    ('cmnt_free','G','Y','Y','Y','Y','kimilm','2021-03-30 20:59:20',NULL,NULL),
    ('cmnt_free','N','Y','Y','Y','Y','kimilm','2021-03-30 20:59:20',NULL,NULL),
    ('cmnt_match','G','Y','Y','Y','Y','kimilm','2021-03-30 20:59:21',NULL,NULL),
    ('cmnt_match','N','Y','Y','Y','Y','kimilm','2021-03-30 20:59:21',NULL,NULL),
    ('cmnt_rpt','G','Y','Y','Y','Y','kimilm','2021-03-30 20:59:21',NULL,NULL),
    ('cmnt_rpt','N','Y','Y','Y','Y','kimilm','2021-03-30 20:59:21',NULL,NULL),
    ('cmnt_scrn','G','Y','Y','Y','Y','kimilm','2021-03-30 20:59:21',NULL,NULL),
    ('cmnt_scrn','N','Y','Y','Y','Y','kimilm','2021-03-30 20:59:21',NULL,NULL),
    ('gi','G','Y','Y','Y','Y','kimilm','2021-03-30 20:59:20',NULL,NULL)
    ('gi','N','Y','Y','Y','Y','kimilm','2021-03-30 20:59:20',NULL,NULL),
    ('gi_fb','G','Y','Y','Y','Y','kimilm','2021-03-30 20:59:21',NULL,NULL),
    ('gi_fb','N','Y','Y','Y','Y','kimilm','2021-03-30 20:59:21',NULL,NULL),
    ('gi_guide','G','Y','Y','Y','Y','kimilm','2021-03-30 20:59:21',NULL,NULL),
    ('gi_guide','N','Y','Y','Y','Y','kimilm','2021-03-30 20:59:21',NULL,NULL),
    ('gi_notice','G','Y','Y','Y','Y','kimilm','2021-03-30 20:59:21',NULL,NULL),
    ('gi_notice','N','Y','Y','Y','Y','kimilm','2021-03-30 20:59:21',NULL,NULL),
    ('gi_qa','G','Y','Y','Y','Y','kimilm','2021-03-30 20:59:21',NULL,NULL),
    ('gi_qa','N','Y','Y','Y','Y','kimilm','2021-03-30 20:59:21',NULL,NULL),
    ('mng','G','Y','Y','Y','Y','kimilm','2021-03-30 20:59:21',NULL,NULL),
    ('mng','N','N','N','N','N','kimilm','2021-03-30 20:59:21',NULL,NULL),
    ('mng_member','G','Y','Y','Y','Y','kimilm','2021-03-30 20:59:21',NULL,NULL),
    ('mng_member','N','N','N','N','N','kimilm','2021-03-30 20:59:21',NULL,NULL),
    ('mng_record','G','Y','Y','Y','Y','kimilm','2021-03-30 20:59:21',NULL,NULL),
    ('mng_record','N','N','N','N','N','kimilm','2021-03-30 20:59:21',NULL,NULL);

INSERT INTO `tb_board_info` VALUES
    (1,'ci_notice',NULL,'N','Test Title','Test Contents','kimilm','2021-03-29 16:29:59',NULL,NULL,'N','N','N','N',0,'kimilm','2021-03-29 16:29:59',NULL,NULL),
    (2,'ci_notice',NULL,'N','Test Title2','Test Contents2','kimilm','2021-03-29 17:08:52',NULL,NULL,'N','N','N','N',0,'kimilm','2021-03-29 17:08:52',NULL,NULL),
    (3,'ci_notice',NULL,'N','Test Title3','Test Contents3','kimilm','2021-03-29 17:08:52',NULL,NULL,'N','N','N','N',0,'kimilm','2021-03-29 17:08:52',NULL,NULL),
    (4,'ci_notice',NULL,'N','Test Title4','Test Contents4','kimilm','2021-03-29 17:08:52',NULL,NULL,'N','N','N','N',0,'kimilm','2021-03-29 17:08:52',NULL,NULL),
    (8,'ci_notice',NULL,'N','Test Title5','Test Contents5','kimilm','2021-03-29 17:09:09',NULL,NULL,'N','N','N','N',0,'kimilm','2021-03-29 17:09:09',NULL,NULL),
    (9,'gi_notice',NULL,'N','Test Title6','Test Contents6','kimilm','2021-04-07 11:30:44',NULL,NULL,'N','N','N','N',0,'kimilm','2021-04-07 11:30:44',NULL,NULL),
    (10,'gi_notice',NULL,'N','Test Title7','Test Contents7','kimilm','2021-04-07 11:30:44',NULL,NULL,'N','N','N','N',0,'kimilm','2021-04-07 11:30:44',NULL,NULL),
    (11,'gi_notice',NULL,'N','Test Title8','Test Contents8','kimilm','2021-04-07 11:30:44',NULL,NULL,'N','N','N','N',0,'kimilm','2021-04-07 11:30:44',NULL,NULL),
    (12,'gi_notice',NULL,'N','Test Title9','Test Contents9','kimilm','2021-04-07 11:30:45',NULL,NULL,'N','N','N','N',0,'kimilm','2021-04-07 11:30:45',NULL,NULL),
    (13,'gi_notice',NULL,'N','Test Title10','Test Contents10','kimilm','2021-04-07 11:30:45',NULL,NULL,'N','N','N','N',0,'kimilm','2021-04-07 11:30:45',NULL,NULL),
    (14,'ci_match',NULL,'N','Test Title11','Test Contents11','kimilm','2021-04-07 11:31:48',NULL,NULL,'N','N','N','N',0,'kimilm','2021-04-07 11:31:48',NULL,NULL),
    (15,'ci_match',NULL,'N','Test Title12','Test Contents12','kimilm','2021-04-07 11:31:48',NULL,NULL,'N','N','N','N',0,'kimilm','2021-04-07 11:31:48',NULL,NULL),
    (16,'ci_match',NULL,'N','Test Title13','Test Contents13','kimilm','2021-04-07 11:31:48',NULL,NULL,'N','N','N','N',0,'kimilm','2021-04-07 11:31:48',NULL,NULL),
    (17,'ci_match',NULL,'N','Test Title14','Test Contents14','kimilm','2021-04-07 11:31:48',NULL,NULL,'N','N','N','N',0,'kimilm','2021-04-07 11:31:48',NULL,NULL),
    (18,'ci_match',NULL,'N','Test Title15','Test Contents15','kimilm','2021-04-07 11:31:48',NULL,NULL,'N','N','N','N',0,'kimilm','2021-04-07 11:31:48',NULL,NULL),
    (19,'cmnt_free',NULL,'N','Test Title16','Test Contents16','kimilm','2021-04-07 11:32:23',NULL,NULL,'N','N','N','N',0,'kimilm','2021-04-07 11:32:23',NULL,NULL),
    (20,'cmnt_free',NULL,'N','Test Title17','Test Contents17','kimilm','2021-04-07 11:32:23',NULL,NULL,'N','N','N','N',0,'kimilm','2021-04-07 11:32:23',NULL,NULL),
    (21,'cmnt_free',NULL,'N','Test Title18','Test Contents18','kimilm','2021-04-07 11:32:24',NULL,NULL,'N','N','N','N',0,'kimilm','2021-04-07 11:32:24',NULL,NULL),
    (22,'cmnt_free',NULL,'N','Test Title19','Test Contents19','kimilm','2021-04-07 11:32:24',NULL,NULL,'N','N','N','N',0,'kimilm','2021-04-07 11:32:24',NULL,NULL),
    (23,'cmnt_free',NULL,'N','Test Title20','Test Contents20','kimilm','2021-04-07 11:32:24',NULL,NULL,'N','N','N','N',0,'kimilm','2021-04-07 11:32:24',NULL,NULL);

INSERT INTO `tb_menu_info` VALUES
    ('ci','클럽정보',NULL,'M',NULL,'Y',1,1,'kimilm','2021-03-26 17:49:41',NULL,NULL),
    ('ci_notice','공지사항','ci','S','/bbs/ci_notice','Y',1,2,'kimilm','2021-03-26 17:55:48',NULL,NULL),
    ('ci_rankup','등업신청','ci','S','/bbs/ci_rankup','Y',2,2,'kimilm','2021-03-26 17:55:48',NULL,NULL),
    ('ci_recruit','친선모집','ci','S','/bbs/ci_recruit','Y',3,2,'kimilm','2021-03-26 17:55:49',NULL,NULL),
    ('cmnt','커뮤니티',NULL,'M',NULL,'Y',3,1,'kimilm','2021-03-26 17:55:48',NULL,NULL),
    ('cmnt_cart','카트자랑 ','cmnt','S','/bbs/cmnt_cart','Y',3,2,'kimilm','2021-03-26 17:56:25',NULL,NULL),
    ('cmnt_free','자유게시판','cmnt','S','/bbs/cmnt_free','Y',4,2,'kimilm','2021-03-26 17:56:25',NULL,NULL),
    ('cmnt_match','친선경기','cmnt','S','/bbs/cmnt_match','Y',2,2,'kimilm','2021-03-26 17:56:25',NULL,NULL),
    ('cmnt_rpt','신고게시판','cmnt','S','/bbs/cmnt_rpt','Y',5,2,'kimilm','2021-03-26 17:56:25',NULL,NULL),
    ('cmnt_scrn','스크린샷','cmnt','S','/bbs/cmnt_scrn','Y',1,2,'kimilm','2021-03-26 17:56:25',NULL,NULL),
    ('gi','게임정보',NULL,'M',NULL,'Y',2,1,'kimilm','2021-03-26 17:54:33',NULL,NULL),
    ('gi_fb','게임피드백','gi','S','/bbs/gi_fb','Y',4,2,'kimilm','2021-03-26 17:56:25',NULL,NULL),
    ('gi_guide','게임공략','gi','S','/bbs/gi_guide','Y',3,2,'kimilm','2021-03-26 17:56:25',NULL,NULL),
    ('gi_notice','공식공지','gi','S','/bbs/gi_notice','Y',1,2,'kimilm','2021-03-26 17:56:25',NULL,NULL),
    ('gi_qa','게임질문','gi','S','/bbs/gi_qa','Y',2,2,'kimilm','2021-03-26 17:56:25',NULL,NULL),
    ('mng','클럽관리',NULL,'M',NULL,'Y',4,1,'kimilm','2021-03-26 17:55:48',NULL,NULL),
    ('mng_member','클럽원목록','mng','S','/bbs/mng_member','Y',1,2,'kimilm','2021-03-30 20:52:56',NULL,NULL),
    ('mng_record','주행기록조회','mng','S','/bbs/mng_record','Y',2,2,'kimilm','2021-03-30 20:52:56',NULL,NULL);

INSERT INTO `tb_user_info` VALUES
    ('kimilm','1234','kimilm',27,'M','2021-03-23 16:50:32',0,'Y','G','N','S',0,'N','N',NULL,'2021-03-23 16:50:32','kimilm','2021-03-23 16:50:32',NULL,NULL),
    ('testUserG','1234','auth_G',27,'M','2021-03-30 21:15:46',0,'Y','G','N','S',0,'N','N',NULL,'2021-03-30 21:15:46','kimilm','2021-03-30 21:15:46',NULL,NULL),
    ('testUserN','1234','auth_N',27,'M','2021-03-30 21:15:46',0,'Y','N','N','S',0,'N','N',NULL,'2021-03-30 21:15:46','kimilm','2021-03-30 21:15:46',NULL,NULL);